Date,Views_show,Visitors,Views_platform,Ad_impression,Cricket_match_india,Character_A
03-01-2017,183738,1260228,1706478,1060860448,0,0
03-02-2017,193763,1270561,1690727,1031846645,0,0
03-03-2017,210479,1248183,1726157,1010867575,0,0
03-04-2017,240061,1492913,1855353,1079194579,1,0
03-05-2017,446314,1594712,2041418,1357736987,0,0
03-06-2017,342997,1330689,1742540,1140228426,0,0
03-07-2017,227313,1363579,1821742,1113811802,0,0
03-08-2017,180313,1353483,1795456,1083475096,0,0
03-09-2017,178800,1345428,1794157,1067636147,0,0
03-10-2017,201180,1344540,1834967,1081234843,0,0
03-11-2017,218956,1500926,1926280,1119900035,0,0
03-12-2017,437117,1554859,2015050,1390620085,0,0
3/13/2017,263638,1438887,1808967,1231295791,0,0
3/14/2017,185896,1459500,1864134,1210330496,0,0
3/15/2017,184346,1410668,1896352,1189319112,0,0
3/16/2017,132409,1394130,1867785,1152287474,0,0
3/17/2017,169225,1438125,1885937,1172698178,0,0
3/18/2017,251851,1582773,2016477,1329477115,0,0
3/19/2017,476130,1723653,2155393,1714732753,0,0
3/20/2017,279880,1528669,1924030,1588375831,0,0
3/21/2017,215077,1538487,2015064,1554738251,0,0
3/22/2017,173280,1474098,1967000,1439043318,0,0
3/23/2017,200993,1484382,1998116,1420880566,0,0
3/24/2017,206830,1461298,1965232,1402238110,0,0
3/25/2017,236106,1678527,2096071,1469853604,0,1
3/26/2017,650563,1924046,2465763,2158026705,0,1
3/27/2017,460492,1612675,2165206,1928850028,0,1
3/28/2017,379396,1635533,2241286,1830391771,0,1
3/29/2017,343223,1568398,2224833,1710096924,0,1
3/30/2017,333613,1630580,2134012,1654933815,0,1
3/31/2017,281706,1588526,1998083,1557197792,0,1
04-01-2017,296772,1684842,2186053,1663798844,0,1
04-02-2017,679522,1902556,2535991,2424202948,0,1
04-03-2017,418659,1668290,2226838,2162241492,0,1
04-04-2017,360660,1727040,2347514,1972773720,0,1
04-05-2017,244916,1615949,2184161,1690425253,0,1
04-06-2017,218302,1589841,2172278,1629943055,0,1
04-07-2017,235508,1568119,2149159,1477621057,0,1
04-08-2017,465382,1834463,2543190,1741517106,0,1
04-09-2017,691068,1981242,2726690,2122330957,0,1
04-10-2017,353292,1689178,2279573,1701965040,0,1
04-11-2017,272079,1700031,2344060,1525321166,0,1
04-12-2017,190287,1598403,2281562,1407426028,0,1
4/13/2017,206740,1613314,2309186,1361116025,0,1
4/14/2017,234306,1697655,2434685,1359796055,0,1
4/15/2017,537050,1917386,2795683,1700040542,0,1
4/16/2017,758631,2026102,2933930,1992525162,0,1
4/17/2017,376879,1811644,2509254,1639833687,0,1
4/18/2017,241042,1812134,2492946,1498413829,0,1
4/19/2017,197201,1796219,2420223,1391566531,0,1
4/20/2017,169074,1785345,2390240,1346215059,0,1
4/21/2017,182208,1810697,2387054,1323744093,0,1
4/22/2017,369758,2143350,2704661,1336157323,0,1
4/23/2017,712778,2344650,3064422,1890967819,0,1
4/24/2017,349008,2060757,2560083,1590193671,0,0
4/25/2017,218466,1928796,2441818,1383577770,0,0
4/26/2017,208445,1848354,2388369,1294777190,0,0
4/27/2017,164043,1772449,2303380,1216537437,0,0
4/28/2017,162815,1727098,2189048,1145369229,0,0
4/29/2017,266086,1953231,2462984,1200654188,0,0
4/30/2017,544814,2187064,2731451,1698345214,0,0
05-01-2017,279700,1904704,2323887,1623666951,0,0
05-02-2017,196026,1816855,2294150,1388283566,0,0
05-03-2017,162150,1780230,2278880,1262254571,0,0
05-04-2017,143112,1731468,2214359,1199377174,0,0
05-05-2017,140666,1738676,2160395,1189257839,0,0
05-06-2017,280065,2016144,2423599,1342773863,0,0
05-07-2017,562943,2163629,2681882,1686752144,0,0
05-08-2017,271341,1840748,2249542,1403797010,0,0
05-09-2017,217791,1821016,2313219,1321700567,0,0
05-10-2017,142302,1784534,2256757,1229347176,0,0
05-11-2017,110202,1689260,2145511,1146505497,0,0
05-12-2017,102520,1697576,2135342,1161183285,0,0
5/13/2017,253228,1900320,2340236,1190253439,1,0
5/14/2017,631962,2135756,2603553,1614010862,1,0
5/15/2017,313945,1808684,2226788,1398052759,1,0
5/16/2017,185689,1814227,2199844,1311961223,1,0
5/17/2017,142260,1755803,2225752,1248266254,1,0
5/18/2017,135871,1749654,2302789,1284859759,1,0
5/19/2017,108961,1746735,2279036,1246026846,1,0
